{"live/latency_ms":0.0005206093192100525,"elapsed_seconds":0.2318767048418522,"live/accuracy_so_far":0.2846434598328166,"dataset_path":"data/mcq_event_timeline_strong.jsonl","live/examples_total":25481,"_timestamp":1.7707175195366979e+09,"run_id":"20260210_095839","examples":25481,"_step":25481,"task_id":"MCQ-ORDER","live/progress":1,"average_latency_ms":0.0015279082033521063,"live/is_correct":0,"live/example_index":25481,"accuracy":0.2846434598328166,"correct":7253,"model_name":"random","_runtime":1.384063928,"_wandb":{"runtime":1}}